--------------------------------------------------------
--  File created - Tuesday-January-03-2023   
--------------------------------------------------------
--------------------------------------------------------
--  DDL for Table ACCOUNTS
--------------------------------------------------------

  CREATE TABLE "VALTRG2"."ACCOUNTS" 
   (	"USER_NAME" VARCHAR2(20 CHAR), 
	"ACTIVE" NUMBER(1,0), 
	"ENCRYTED_PASSWORD" VARCHAR2(128 CHAR), 
	"USER_ROLE" VARCHAR2(20 BYTE)
   ) SEGMENT CREATION IMMEDIATE 
  PCTFREE 10 PCTUSED 40 INITRANS 1 MAXTRANS 255 
 NOCOMPRESS LOGGING
  STORAGE(INITIAL 1048576 NEXT 1048576 MINEXTENTS 1 MAXEXTENTS 2147483645
  PCTINCREASE 0 FREELISTS 1 FREELIST GROUPS 1
  BUFFER_POOL DEFAULT FLASH_CACHE DEFAULT CELL_FLASH_CACHE DEFAULT)
  TABLESPACE "TS_VALTRG2" ;
REM INSERTING into VALTRG2.ACCOUNTS
SET DEFINE OFF;
Insert into VALTRG2.ACCOUNTS (USER_NAME,ACTIVE,ENCRYTED_PASSWORD,USER_ROLE) values ('employee',1,'$2a$10$PrI5Gk9L.tSZiW9FXhTS8O8Mz9E97k2FZbFvGFFaSsiTUIl.TCrFu','ROLE_EMPLOYEE');
Insert into VALTRG2.ACCOUNTS (USER_NAME,ACTIVE,ENCRYTED_PASSWORD,USER_ROLE) values ('manager',1,'$2a$10$PrI5Gk9L.tSZiW9FXhTS8O8Mz9E97k2FZbFvGFFaSsiTUIl.TCrFu','ROLE_MANAGER');
--------------------------------------------------------
--  DDL for Index SYS_C0042742
--------------------------------------------------------

  CREATE UNIQUE INDEX "VALTRG2"."SYS_C0042742" ON "VALTRG2"."ACCOUNTS" ("USER_NAME") 
  PCTFREE 10 INITRANS 2 MAXTRANS 255 COMPUTE STATISTICS 
  STORAGE(INITIAL 1048576 NEXT 1048576 MINEXTENTS 1 MAXEXTENTS 2147483645
  PCTINCREASE 0 FREELISTS 1 FREELIST GROUPS 1
  BUFFER_POOL DEFAULT FLASH_CACHE DEFAULT CELL_FLASH_CACHE DEFAULT)
  TABLESPACE "TS_VALTRG2" ;
--------------------------------------------------------
--  Constraints for Table ACCOUNTS
--------------------------------------------------------

  ALTER TABLE "VALTRG2"."ACCOUNTS" MODIFY ("USER_NAME" NOT NULL ENABLE);
  ALTER TABLE "VALTRG2"."ACCOUNTS" MODIFY ("ACTIVE" NOT NULL ENABLE);
  ALTER TABLE "VALTRG2"."ACCOUNTS" MODIFY ("ENCRYTED_PASSWORD" NOT NULL ENABLE);
  ALTER TABLE "VALTRG2"."ACCOUNTS" MODIFY ("USER_ROLE" NOT NULL ENABLE);
  ALTER TABLE "VALTRG2"."ACCOUNTS" ADD PRIMARY KEY ("USER_NAME")
  USING INDEX PCTFREE 10 INITRANS 2 MAXTRANS 255 COMPUTE STATISTICS 
  STORAGE(INITIAL 1048576 NEXT 1048576 MINEXTENTS 1 MAXEXTENTS 2147483645
  PCTINCREASE 0 FREELISTS 1 FREELIST GROUPS 1
  BUFFER_POOL DEFAULT FLASH_CACHE DEFAULT CELL_FLASH_CACHE DEFAULT)
  TABLESPACE "TS_VALTRG2"  ENABLE;





--------------------------------------------------------
--  File created - Tuesday-January-03-2023   
--------------------------------------------------------
--------------------------------------------------------
--  DDL for Table PRODUCTS
--------------------------------------------------------

  CREATE TABLE "VALTRG2"."PRODUCTS" 
   (	"CODE" VARCHAR2(20 CHAR), 
	"IMAGE" BLOB, 
	"NAME" VARCHAR2(255 CHAR), 
	"PRICE" FLOAT(126), 
	"CREATE_DATE" DATE DEFAULT sysdate
   ) SEGMENT CREATION IMMEDIATE 
  PCTFREE 10 PCTUSED 40 INITRANS 1 MAXTRANS 255 
 NOCOMPRESS LOGGING
  STORAGE(INITIAL 1048576 NEXT 1048576 MINEXTENTS 1 MAXEXTENTS 2147483645
  PCTINCREASE 0 FREELISTS 1 FREELIST GROUPS 1
  BUFFER_POOL DEFAULT FLASH_CACHE DEFAULT CELL_FLASH_CACHE DEFAULT)
  TABLESPACE "TS_VALTRG2" 
 LOB ("IMAGE") STORE AS SECUREFILE (
  TABLESPACE "TS_VALTRG2" ENABLE STORAGE IN ROW CHUNK 8192
  NOCACHE LOGGING  NOCOMPRESS  KEEP_DUPLICATES 
  STORAGE(INITIAL 1048576 NEXT 1048576 MINEXTENTS 1 MAXEXTENTS 2147483645
  PCTINCREASE 0
  BUFFER_POOL DEFAULT FLASH_CACHE DEFAULT CELL_FLASH_CACHE DEFAULT)) ;
REM INSERTING into VALTRG2.PRODUCTS
SET DEFINE OFF;
Insert into VALTRG2.PRODUCTS (CODE,NAME,PRICE,CREATE_DATE) values ('RD004','CORN FLOUR',38.3,to_date('16-12-22','DD-MM-RR'));
Insert into VALTRG2.PRODUCTS (CODE,NAME,PRICE,CREATE_DATE) values ('RD005','DAIRY MILK',20,to_date('16-12-22','DD-MM-RR'));
Insert into VALTRG2.PRODUCTS (CODE,NAME,PRICE,CREATE_DATE) values ('RD006','FERREROROCHER',75,to_date('16-12-22','DD-MM-RR'));
Insert into VALTRG2.PRODUCTS (CODE,NAME,PRICE,CREATE_DATE) values ('RD007','KIT KAT',35,to_date('16-12-22','DD-MM-RR'));
Insert into VALTRG2.PRODUCTS (CODE,NAME,PRICE,CREATE_DATE) values ('RD008','KURKURE',20,to_date('16-12-22','DD-MM-RR'));
Insert into VALTRG2.PRODUCTS (CODE,NAME,PRICE,CREATE_DATE) values ('RD009','LAYS',40,to_date('16-12-22','DD-MM-RR'));
Insert into VALTRG2.PRODUCTS (CODE,NAME,PRICE,CREATE_DATE) values ('RD0010','MANGO PICKLE',128.6,to_date('16-12-22','DD-MM-RR'));
Insert into VALTRG2.PRODUCTS (CODE,NAME,PRICE,CREATE_DATE) values ('RD0013','AXE',152.3,to_date('16-12-22','DD-MM-RR'));
Insert into VALTRG2.PRODUCTS (CODE,NAME,PRICE,CREATE_DATE) values ('RD0014','TURMERIC',22,to_date('16-12-22','DD-MM-RR'));
Insert into VALTRG2.PRODUCTS (CODE,NAME,PRICE,CREATE_DATE) values ('RD0015','CORIANDER POWDER',58.2,to_date('16-12-22','DD-MM-RR'));
Insert into VALTRG2.PRODUCTS (CODE,NAME,PRICE,CREATE_DATE) values ('RD0018','LIFEBOY',52,to_date('16-12-22','DD-MM-RR'));
Insert into VALTRG2.PRODUCTS (CODE,NAME,PRICE,CREATE_DATE) values ('RD002','CHILLI POWDER',45.5,to_date('16-12-22','DD-MM-RR'));
Insert into VALTRG2.PRODUCTS (CODE,NAME,PRICE,CREATE_DATE) values ('RD0017','FAIR AND LOVELY',112.05,to_date('16-12-22','DD-MM-RR'));
Insert into VALTRG2.PRODUCTS (CODE,NAME,PRICE,CREATE_DATE) values ('RD0011','RIN',78.3,to_date('16-12-22','DD-MM-RR'));
Insert into VALTRG2.PRODUCTS (CODE,NAME,PRICE,CREATE_DATE) values ('RD0012','WHEAT FLOUR',42.2,to_date('16-12-22','DD-MM-RR'));
Insert into VALTRG2.PRODUCTS (CODE,NAME,PRICE,CREATE_DATE) values ('RD0016','GARNIER',187.2,to_date('16-12-22','DD-MM-RR'));
Insert into VALTRG2.PRODUCTS (CODE,NAME,PRICE,CREATE_DATE) values ('RD001','7UP',98,to_date('16-12-22','DD-MM-RR'));
Insert into VALTRG2.PRODUCTS (CODE,NAME,PRICE,CREATE_DATE) values ('RD003','CINTHOL',52.3,to_date('16-12-22','DD-MM-RR'));
--------------------------------------------------------
--  DDL for Index SYS_C0042771
--------------------------------------------------------

  CREATE UNIQUE INDEX "VALTRG2"."SYS_C0042771" ON "VALTRG2"."PRODUCTS" ("CODE") 
  PCTFREE 10 INITRANS 2 MAXTRANS 255 COMPUTE STATISTICS 
  STORAGE(INITIAL 1048576 NEXT 1048576 MINEXTENTS 1 MAXEXTENTS 2147483645
  PCTINCREASE 0 FREELISTS 1 FREELIST GROUPS 1
  BUFFER_POOL DEFAULT FLASH_CACHE DEFAULT CELL_FLASH_CACHE DEFAULT)
  TABLESPACE "TS_VALTRG2" ;
--------------------------------------------------------
--  Constraints for Table PRODUCTS
--------------------------------------------------------

  ALTER TABLE "VALTRG2"."PRODUCTS" MODIFY ("CODE" NOT NULL ENABLE);
  ALTER TABLE "VALTRG2"."PRODUCTS" MODIFY ("NAME" NOT NULL ENABLE);
  ALTER TABLE "VALTRG2"."PRODUCTS" MODIFY ("PRICE" NOT NULL ENABLE);
  ALTER TABLE "VALTRG2"."PRODUCTS" MODIFY ("CREATE_DATE" NOT NULL ENABLE);
  ALTER TABLE "VALTRG2"."PRODUCTS" ADD PRIMARY KEY ("CODE")
  USING INDEX PCTFREE 10 INITRANS 2 MAXTRANS 255 COMPUTE STATISTICS 
  STORAGE(INITIAL 1048576 NEXT 1048576 MINEXTENTS 1 MAXEXTENTS 2147483645
  PCTINCREASE 0 FREELISTS 1 FREELIST GROUPS 1
  BUFFER_POOL DEFAULT FLASH_CACHE DEFAULT CELL_FLASH_CACHE DEFAULT)
  TABLESPACE "TS_VALTRG2"  ENABLE;





--------------------------------------------------------
--  File created - Tuesday-January-03-2023   
--------------------------------------------------------
--------------------------------------------------------
--  DDL for Table ORDERS
--------------------------------------------------------

  CREATE TABLE "VALTRG2"."ORDERS" 
   (	"ID" VARCHAR2(50 CHAR), 
	"AMOUNT" FLOAT(126), 
	"CUSTOMER_ADDRESS" VARCHAR2(255 CHAR), 
	"CUSTOMER_EMAIL" VARCHAR2(128 CHAR), 
	"CUSTOMER_NAME" VARCHAR2(255 CHAR), 
	"CUSTOMER_PHONE" VARCHAR2(128 CHAR), 
	"ORDER_DATE" TIMESTAMP (6), 
	"ORDER_NUM" NUMBER(10,0)
   ) SEGMENT CREATION IMMEDIATE 
  PCTFREE 10 PCTUSED 40 INITRANS 1 MAXTRANS 255 
 NOCOMPRESS LOGGING
  STORAGE(INITIAL 1048576 NEXT 1048576 MINEXTENTS 1 MAXEXTENTS 2147483645
  PCTINCREASE 0 FREELISTS 1 FREELIST GROUPS 1
  BUFFER_POOL DEFAULT FLASH_CACHE DEFAULT CELL_FLASH_CACHE DEFAULT)
  TABLESPACE "TS_VALTRG2" ;
REM INSERTING into VALTRG2.ORDERS
SET DEFINE OFF;
Insert into VALTRG2.ORDERS (ID,AMOUNT,CUSTOMER_ADDRESS,CUSTOMER_EMAIL,CUSTOMER_NAME,CUSTOMER_PHONE,ORDER_DATE,ORDER_NUM) values ('939b845a-8bad-40c2-aa94-974e6fb2bccf',174.60000000000002,'fgfh','abc@rediffmail.org','Meghana','1234567890',to_timestamp('27-12-22 3:57:29.871000000 PM','DD-MM-RR fmHH12:fmMI:SSXFF AM'),12);
Insert into VALTRG2.ORDERS (ID,AMOUNT,CUSTOMER_ADDRESS,CUSTOMER_EMAIL,CUSTOMER_NAME,CUSTOMER_PHONE,ORDER_DATE,ORDER_NUM) values ('4f13e748-7aeb-478d-bab3-1e0ca8eb4d3c',232.5,'Bengaluru','nuthan@gmail.com','Nuthan','7845875284',to_timestamp('27-12-22 4:18:19.755000000 PM','DD-MM-RR fmHH12:fmMI:SSXFF AM'),13);
Insert into VALTRG2.ORDERS (ID,AMOUNT,CUSTOMER_ADDRESS,CUSTOMER_EMAIL,CUSTOMER_NAME,CUSTOMER_PHONE,ORDER_DATE,ORDER_NUM) values ('c474c7b7-00f8-4fea-a456-033335f81b19',582,'Bengaluru','nuthan@gmail.com','Nuthan','8217576693',to_timestamp('26-12-22 6:07:07.484000000 PM','DD-MM-RR fmHH12:fmMI:SSXFF AM'),10);
Insert into VALTRG2.ORDERS (ID,AMOUNT,CUSTOMER_ADDRESS,CUSTOMER_EMAIL,CUSTOMER_NAME,CUSTOMER_PHONE,ORDER_DATE,ORDER_NUM) values ('d4e3e768-a46d-4819-a408-894ef46dd6b8',1872,'BANGALORE','nuthan@gmail.com','NUTHAN','7845875284',to_timestamp('23-12-22 7:41:03.526000000 PM','DD-MM-RR fmHH12:fmMI:SSXFF AM'),6);
Insert into VALTRG2.ORDERS (ID,AMOUNT,CUSTOMER_ADDRESS,CUSTOMER_EMAIL,CUSTOMER_NAME,CUSTOMER_PHONE,ORDER_DATE,ORDER_NUM) values ('5a4468d4-9b32-455d-a60b-63ecdbe914f8',52,'BANGALORE','ritesh@gmail.com','RITESH','7300422656',to_timestamp('27-12-22 5:47:20.273000000 PM','DD-MM-RR fmHH12:fmMI:SSXFF AM'),15);
Insert into VALTRG2.ORDERS (ID,AMOUNT,CUSTOMER_ADDRESS,CUSTOMER_EMAIL,CUSTOMER_NAME,CUSTOMER_PHONE,ORDER_DATE,ORDER_NUM) values ('843d7bdb-ac3c-449a-b628-05067f1f7143',20592,'Bengaluru','nuthan@gmail.com','Nuthan','9845231232',to_timestamp('27-12-22 3:38:56.129000000 PM','DD-MM-RR fmHH12:fmMI:SSXFF AM'),11);
Insert into VALTRG2.ORDERS (ID,AMOUNT,CUSTOMER_ADDRESS,CUSTOMER_EMAIL,CUSTOMER_NAME,CUSTOMER_PHONE,ORDER_DATE,ORDER_NUM) values ('c11fd0dd-ba0a-473f-8107-aa681498155b',267.4,'BANGALORE','nuthan.sml@valtech.com','NUTHAN','8247575759',to_timestamp('26-12-22 3:19:18.128000000 PM','DD-MM-RR fmHH12:fmMI:SSXFF AM'),9);
Insert into VALTRG2.ORDERS (ID,AMOUNT,CUSTOMER_ADDRESS,CUSTOMER_EMAIL,CUSTOMER_NAME,CUSTOMER_PHONE,ORDER_DATE,ORDER_NUM) values ('64ec4d5f-b0e4-4181-bcda-835c2cdc56d3',112.05,'KURNOOL','sanjay@gmail.com','SANJAY','5428975991',to_timestamp('23-12-22 7:41:43.485000000 PM','DD-MM-RR fmHH12:fmMI:SSXFF AM'),7);
Insert into VALTRG2.ORDERS (ID,AMOUNT,CUSTOMER_ADDRESS,CUSTOMER_EMAIL,CUSTOMER_NAME,CUSTOMER_PHONE,ORDER_DATE,ORDER_NUM) values ('32861ed5-d4d0-4b3a-9e9d-f76232d3602c',262,'BANGALORE','ritesh@gmail.com','RITESH','7300422656',to_timestamp('26-12-22 10:22:39.624000000 AM','DD-MM-RR fmHH12:fmMI:SSXFF AM'),8);
Insert into VALTRG2.ORDERS (ID,AMOUNT,CUSTOMER_ADDRESS,CUSTOMER_EMAIL,CUSTOMER_NAME,CUSTOMER_PHONE,ORDER_DATE,ORDER_NUM) values ('db1e4165-edd7-4c34-96dc-f63c3ceafecd',776.7,'BANGALORE','ritesh@gmail.com','RITESH','7300422656',to_timestamp('27-12-22 6:02:18.332000000 PM','DD-MM-RR fmHH12:fmMI:SSXFF AM'),16);
Insert into VALTRG2.ORDERS (ID,AMOUNT,CUSTOMER_ADDRESS,CUSTOMER_EMAIL,CUSTOMER_NAME,CUSTOMER_PHONE,ORDER_DATE,ORDER_NUM) values ('c1854e15-3edb-4685-a3c5-98d66c8fde3e',979.15,'KURNOOL','sanjay@gmail.com','SANJAY','9569489564',to_timestamp('16-12-22 6:42:28.396000000 PM','DD-MM-RR fmHH12:fmMI:SSXFF AM'),3);
Insert into VALTRG2.ORDERS (ID,AMOUNT,CUSTOMER_ADDRESS,CUSTOMER_EMAIL,CUSTOMER_NAME,CUSTOMER_PHONE,ORDER_DATE,ORDER_NUM) values ('267e39ce-3b80-428c-a70e-d269c4ea24e1',187.2,'fgfh','abc@rediffmail.org','Meghana','1234567890',to_timestamp('27-12-22 5:16:16.008000000 PM','DD-MM-RR fmHH12:fmMI:SSXFF AM'),14);
Insert into VALTRG2.ORDERS (ID,AMOUNT,CUSTOMER_ADDRESS,CUSTOMER_EMAIL,CUSTOMER_NAME,CUSTOMER_PHONE,ORDER_DATE,ORDER_NUM) values ('cfe07e50-48a4-47fd-bdbf-98b64cc313f8',984.1,'BANGALORE','santhosh@gmail.com','SANTOSH','9898989898',to_timestamp('16-12-22 6:55:29.152000000 PM','DD-MM-RR fmHH12:fmMI:SSXFF AM'),4);
Insert into VALTRG2.ORDERS (ID,AMOUNT,CUSTOMER_ADDRESS,CUSTOMER_EMAIL,CUSTOMER_NAME,CUSTOMER_PHONE,ORDER_DATE,ORDER_NUM) values ('66c0a469-ce25-43eb-b65e-fb668e2a41ee',601,'BANGALORE','ritesh@gmail.com','RITESH K','7300422656',to_timestamp('16-12-22 6:15:27.941000000 PM','DD-MM-RR fmHH12:fmMI:SSXFF AM'),1);
Insert into VALTRG2.ORDERS (ID,AMOUNT,CUSTOMER_ADDRESS,CUSTOMER_EMAIL,CUSTOMER_NAME,CUSTOMER_PHONE,ORDER_DATE,ORDER_NUM) values ('4d5be2a2-96db-4866-944d-42d89a0be4bb',170.6,'BANGALORE','nuthan@gmail.com','NUTHAN','9569489564',to_timestamp('16-12-22 6:29:25.824000000 PM','DD-MM-RR fmHH12:fmMI:SSXFF AM'),2);
--------------------------------------------------------
--  DDL for Index SYS_C0042789
--------------------------------------------------------

  CREATE UNIQUE INDEX "VALTRG2"."SYS_C0042789" ON "VALTRG2"."ORDERS" ("ID") 
  PCTFREE 10 INITRANS 2 MAXTRANS 255 COMPUTE STATISTICS 
  STORAGE(INITIAL 1048576 NEXT 1048576 MINEXTENTS 1 MAXEXTENTS 2147483645
  PCTINCREASE 0 FREELISTS 1 FREELIST GROUPS 1
  BUFFER_POOL DEFAULT FLASH_CACHE DEFAULT CELL_FLASH_CACHE DEFAULT)
  TABLESPACE "TS_VALTRG2" ;
--------------------------------------------------------
--  DDL for Index ORDER_UK
--------------------------------------------------------

  CREATE UNIQUE INDEX "VALTRG2"."ORDER_UK" ON "VALTRG2"."ORDERS" ("ORDER_NUM") 
  PCTFREE 10 INITRANS 2 MAXTRANS 255 COMPUTE STATISTICS 
  STORAGE(INITIAL 1048576 NEXT 1048576 MINEXTENTS 1 MAXEXTENTS 2147483645
  PCTINCREASE 0 FREELISTS 1 FREELIST GROUPS 1
  BUFFER_POOL DEFAULT FLASH_CACHE DEFAULT CELL_FLASH_CACHE DEFAULT)
  TABLESPACE "TS_VALTRG2" ;
--------------------------------------------------------
--  Constraints for Table ORDERS
--------------------------------------------------------

  ALTER TABLE "VALTRG2"."ORDERS" MODIFY ("ID" NOT NULL ENABLE);
  ALTER TABLE "VALTRG2"."ORDERS" MODIFY ("AMOUNT" NOT NULL ENABLE);
  ALTER TABLE "VALTRG2"."ORDERS" MODIFY ("CUSTOMER_ADDRESS" NOT NULL ENABLE);
  ALTER TABLE "VALTRG2"."ORDERS" MODIFY ("CUSTOMER_EMAIL" NOT NULL ENABLE);
  ALTER TABLE "VALTRG2"."ORDERS" MODIFY ("CUSTOMER_NAME" NOT NULL ENABLE);
  ALTER TABLE "VALTRG2"."ORDERS" MODIFY ("CUSTOMER_PHONE" NOT NULL ENABLE);
  ALTER TABLE "VALTRG2"."ORDERS" MODIFY ("ORDER_DATE" NOT NULL ENABLE);
  ALTER TABLE "VALTRG2"."ORDERS" MODIFY ("ORDER_NUM" NOT NULL ENABLE);
  ALTER TABLE "VALTRG2"."ORDERS" ADD PRIMARY KEY ("ID")
  USING INDEX PCTFREE 10 INITRANS 2 MAXTRANS 255 COMPUTE STATISTICS 
  STORAGE(INITIAL 1048576 NEXT 1048576 MINEXTENTS 1 MAXEXTENTS 2147483645
  PCTINCREASE 0 FREELISTS 1 FREELIST GROUPS 1
  BUFFER_POOL DEFAULT FLASH_CACHE DEFAULT CELL_FLASH_CACHE DEFAULT)
  TABLESPACE "TS_VALTRG2"  ENABLE;
  ALTER TABLE "VALTRG2"."ORDERS" ADD CONSTRAINT "ORDER_UK" UNIQUE ("ORDER_NUM")
  USING INDEX PCTFREE 10 INITRANS 2 MAXTRANS 255 COMPUTE STATISTICS 
  STORAGE(INITIAL 1048576 NEXT 1048576 MINEXTENTS 1 MAXEXTENTS 2147483645
  PCTINCREASE 0 FREELISTS 1 FREELIST GROUPS 1
  BUFFER_POOL DEFAULT FLASH_CACHE DEFAULT CELL_FLASH_CACHE DEFAULT)
  TABLESPACE "TS_VALTRG2"  ENABLE;





--------------------------------------------------------
--  File created - Tuesday-January-03-2023   
--------------------------------------------------------
--------------------------------------------------------
--  DDL for Table ORDER_DETAILS
--------------------------------------------------------

  CREATE TABLE "VALTRG2"."ORDER_DETAILS" 
   (	"ID" VARCHAR2(50 CHAR), 
	"AMOUNT" FLOAT(126), 
	"PRICE" FLOAT(126), 
	"QUANITY" NUMBER(10,0), 
	"ORDER_ID" VARCHAR2(50 CHAR), 
	"PRODUCT_ID" VARCHAR2(20 CHAR)
   ) SEGMENT CREATION IMMEDIATE 
  PCTFREE 10 PCTUSED 40 INITRANS 1 MAXTRANS 255 
 NOCOMPRESS LOGGING
  STORAGE(INITIAL 1048576 NEXT 1048576 MINEXTENTS 1 MAXEXTENTS 2147483645
  PCTINCREASE 0 FREELISTS 1 FREELIST GROUPS 1
  BUFFER_POOL DEFAULT FLASH_CACHE DEFAULT CELL_FLASH_CACHE DEFAULT)
  TABLESPACE "TS_VALTRG2" ;
REM INSERTING into VALTRG2.ORDER_DETAILS
SET DEFINE OFF;
Insert into VALTRG2.ORDER_DETAILS (ID,AMOUNT,PRICE,QUANITY,ORDER_ID,PRODUCT_ID) values ('b1986426-ef85-403e-8a52-a3384c5273ff',174.60000000000002,58.2,3,'939b845a-8bad-40c2-aa94-974e6fb2bccf','RD0015');
Insert into VALTRG2.ORDER_DETAILS (ID,AMOUNT,PRICE,QUANITY,ORDER_ID,PRODUCT_ID) values ('73a741cb-fd38-47bb-94eb-516e4c10328c',58.2,58.2,1,'4f13e748-7aeb-478d-bab3-1e0ca8eb4d3c','RD0015');
Insert into VALTRG2.ORDER_DETAILS (ID,AMOUNT,PRICE,QUANITY,ORDER_ID,PRODUCT_ID) values ('3caa3837-2e30-42b5-89d2-e512835ce014',22,22,1,'4f13e748-7aeb-478d-bab3-1e0ca8eb4d3c','RD0014');
Insert into VALTRG2.ORDER_DETAILS (ID,AMOUNT,PRICE,QUANITY,ORDER_ID,PRODUCT_ID) values ('3cbdb82c-d52a-4c99-b536-d7f1c0584ad3',152.3,152.3,1,'4f13e748-7aeb-478d-bab3-1e0ca8eb4d3c','RD0013');
Insert into VALTRG2.ORDER_DETAILS (ID,AMOUNT,PRICE,QUANITY,ORDER_ID,PRODUCT_ID) values ('127dfc20-0b1d-4572-a3a9-818680d17941',1872,187.2,10,'c2ae29ff-fb8c-46d1-bdb7-669f3bef8d15','RD0016');
Insert into VALTRG2.ORDER_DETAILS (ID,AMOUNT,PRICE,QUANITY,ORDER_ID,PRODUCT_ID) values ('f671d95f-2567-4462-9d4c-8653caad0223',48.1,48.1,1,'c2ae29ff-fb8c-46d1-bdb7-669f3bef8d15','RD0015');
Insert into VALTRG2.ORDER_DETAILS (ID,AMOUNT,PRICE,QUANITY,ORDER_ID,PRODUCT_ID) values ('6a9e37ba-3abf-4bf3-94e6-21e96f14d3d9',582,58.2,10,'c474c7b7-00f8-4fea-a456-033335f81b19','RD0015');
Insert into VALTRG2.ORDER_DETAILS (ID,AMOUNT,PRICE,QUANITY,ORDER_ID,PRODUCT_ID) values ('e22a05b8-7367-4036-ada7-0ae1ea99ec2b',48.1,48.1,1,'d9fd03f2-ae04-4de4-a546-8dc3d0255a2c','RD0015');
Insert into VALTRG2.ORDER_DETAILS (ID,AMOUNT,PRICE,QUANITY,ORDER_ID,PRODUCT_ID) values ('12371d64-3782-4ca8-9b2b-bbb4d97f6195',1872,187.2,10,'d4e3e768-a46d-4819-a408-894ef46dd6b8','RD0016');
Insert into VALTRG2.ORDER_DETAILS (ID,AMOUNT,PRICE,QUANITY,ORDER_ID,PRODUCT_ID) values ('933a3d61-d010-493a-b7f2-1566d5fa3547',52,52,1,'5a4468d4-9b32-455d-a60b-63ecdbe914f8','RD0018');
Insert into VALTRG2.ORDER_DETAILS (ID,AMOUNT,PRICE,QUANITY,ORDER_ID,PRODUCT_ID) values ('f2eec1bd-c51e-4edf-8f4b-bd8fcd9d488f',20592,187.2,110,'843d7bdb-ac3c-449a-b628-05067f1f7143','RD0016');
Insert into VALTRG2.ORDER_DETAILS (ID,AMOUNT,PRICE,QUANITY,ORDER_ID,PRODUCT_ID) values ('a768fc02-5eae-4021-889f-b89f33106e91',187.2,187.2,1,'c11fd0dd-ba0a-473f-8107-aa681498155b','RD0016');
Insert into VALTRG2.ORDER_DETAILS (ID,AMOUNT,PRICE,QUANITY,ORDER_ID,PRODUCT_ID) values ('55b45b2f-9522-4977-8a38-db3fc9561f13',58.2,58.2,1,'c11fd0dd-ba0a-473f-8107-aa681498155b','RD0015');
Insert into VALTRG2.ORDER_DETAILS (ID,AMOUNT,PRICE,QUANITY,ORDER_ID,PRODUCT_ID) values ('305fd4a4-1a47-424e-bf5a-38062bde0966',22,22,1,'c11fd0dd-ba0a-473f-8107-aa681498155b','RD0014');
Insert into VALTRG2.ORDER_DETAILS (ID,AMOUNT,PRICE,QUANITY,ORDER_ID,PRODUCT_ID) values ('cbe3b33a-2aa8-4162-bc2b-ab6525252888',112.05,112.05,1,'64ec4d5f-b0e4-4181-bcda-835c2cdc56d3','RD0017');
Insert into VALTRG2.ORDER_DETAILS (ID,AMOUNT,PRICE,QUANITY,ORDER_ID,PRODUCT_ID) values ('78011529-4883-476a-9177-12e885a7d21b',52,52,1,'32861ed5-d4d0-4b3a-9e9d-f76232d3602c','RD0018');
Insert into VALTRG2.ORDER_DETAILS (ID,AMOUNT,PRICE,QUANITY,ORDER_ID,PRODUCT_ID) values ('37f7a356-4caf-4913-9a4d-6211af854b80',150,75,2,'32861ed5-d4d0-4b3a-9e9d-f76232d3602c','RD006');
Insert into VALTRG2.ORDER_DETAILS (ID,AMOUNT,PRICE,QUANITY,ORDER_ID,PRODUCT_ID) values ('f89542e4-c281-4ec1-b23d-9b517622be45',60,20,3,'32861ed5-d4d0-4b3a-9e9d-f76232d3602c','RD005');
Insert into VALTRG2.ORDER_DETAILS (ID,AMOUNT,PRICE,QUANITY,ORDER_ID,PRODUCT_ID) values ('7daf1917-3cf1-4db0-82a0-8da24e8cc117',698.4000000000001,58.2,12,'db1e4165-edd7-4c34-96dc-f63c3ceafecd','RD0015');
Insert into VALTRG2.ORDER_DETAILS (ID,AMOUNT,PRICE,QUANITY,ORDER_ID,PRODUCT_ID) values ('22b72c5e-c6e7-44b7-9d1f-3018004232db',78.3,78.3,1,'db1e4165-edd7-4c34-96dc-f63c3ceafecd','RD0011');
Insert into VALTRG2.ORDER_DETAILS (ID,AMOUNT,PRICE,QUANITY,ORDER_ID,PRODUCT_ID) values ('8869e235-79ec-46d0-9da6-3e064b20ed47',643,128.6,5,'c1854e15-3edb-4685-a3c5-98d66c8fde3e','RD0010');
Insert into VALTRG2.ORDER_DETAILS (ID,AMOUNT,PRICE,QUANITY,ORDER_ID,PRODUCT_ID) values ('55549241-c102-444e-b279-010a283b8927',336.15,112.05,3,'c1854e15-3edb-4685-a3c5-98d66c8fde3e','RD0017');
Insert into VALTRG2.ORDER_DETAILS (ID,AMOUNT,PRICE,QUANITY,ORDER_ID,PRODUCT_ID) values ('046f37de-d3a8-4552-be2f-6cc554324f40',187.2,187.2,1,'267e39ce-3b80-428c-a70e-d269c4ea24e1','RD0016');
Insert into VALTRG2.ORDER_DETAILS (ID,AMOUNT,PRICE,QUANITY,ORDER_ID,PRODUCT_ID) values ('c564282c-447c-46bf-bb7c-eabf7feb2f36',936,187.2,5,'cfe07e50-48a4-47fd-bdbf-98b64cc313f8','RD0016');
Insert into VALTRG2.ORDER_DETAILS (ID,AMOUNT,PRICE,QUANITY,ORDER_ID,PRODUCT_ID) values ('347aad6a-87fc-45e0-8c33-e399d93b6cce',48.1,48.1,1,'cfe07e50-48a4-47fd-bdbf-98b64cc313f8','RD0015');
Insert into VALTRG2.ORDER_DETAILS (ID,AMOUNT,PRICE,QUANITY,ORDER_ID,PRODUCT_ID) values ('1fca560e-c656-4f7f-b92c-94cd8ef0c663',261.5,52.3,5,'66c0a469-ce25-43eb-b65e-fb668e2a41ee','RD003');
Insert into VALTRG2.ORDER_DETAILS (ID,AMOUNT,PRICE,QUANITY,ORDER_ID,PRODUCT_ID) values ('6f665eae-d0c7-44d3-8092-d60896d44c7f',45.5,45.5,1,'66c0a469-ce25-43eb-b65e-fb668e2a41ee','RD002');
Insert into VALTRG2.ORDER_DETAILS (ID,AMOUNT,PRICE,QUANITY,ORDER_ID,PRODUCT_ID) values ('81bde23e-eb44-441f-9ab5-ba0cb34c39dc',294,98,3,'66c0a469-ce25-43eb-b65e-fb668e2a41ee','RD001');
Insert into VALTRG2.ORDER_DETAILS (ID,AMOUNT,PRICE,QUANITY,ORDER_ID,PRODUCT_ID) values ('975bee2d-540b-4696-ae48-c87a8df1878b',78.3,78.3,1,'4d5be2a2-96db-4866-944d-42d89a0be4bb','RD0011');
Insert into VALTRG2.ORDER_DETAILS (ID,AMOUNT,PRICE,QUANITY,ORDER_ID,PRODUCT_ID) values ('e4b2982d-1c7f-49d2-8290-9f8f6427a5de',40,20,2,'4d5be2a2-96db-4866-944d-42d89a0be4bb','RD005');
Insert into VALTRG2.ORDER_DETAILS (ID,AMOUNT,PRICE,QUANITY,ORDER_ID,PRODUCT_ID) values ('280ffa01-7e34-44cc-a7db-9c770981438e',52.3,52.3,1,'4d5be2a2-96db-4866-944d-42d89a0be4bb','RD003');
--------------------------------------------------------
--  DDL for Index SYS_C0042778
--------------------------------------------------------

  CREATE UNIQUE INDEX "VALTRG2"."SYS_C0042778" ON "VALTRG2"."ORDER_DETAILS" ("ID") 
  PCTFREE 10 INITRANS 2 MAXTRANS 255 COMPUTE STATISTICS 
  STORAGE(INITIAL 1048576 NEXT 1048576 MINEXTENTS 1 MAXEXTENTS 2147483645
  PCTINCREASE 0 FREELISTS 1 FREELIST GROUPS 1
  BUFFER_POOL DEFAULT FLASH_CACHE DEFAULT CELL_FLASH_CACHE DEFAULT)
  TABLESPACE "TS_VALTRG2" ;
--------------------------------------------------------
--  Constraints for Table ORDER_DETAILS
--------------------------------------------------------

  ALTER TABLE "VALTRG2"."ORDER_DETAILS" MODIFY ("ID" NOT NULL ENABLE);
  ALTER TABLE "VALTRG2"."ORDER_DETAILS" MODIFY ("AMOUNT" NOT NULL ENABLE);
  ALTER TABLE "VALTRG2"."ORDER_DETAILS" MODIFY ("PRICE" NOT NULL ENABLE);
  ALTER TABLE "VALTRG2"."ORDER_DETAILS" MODIFY ("QUANITY" NOT NULL ENABLE);
  ALTER TABLE "VALTRG2"."ORDER_DETAILS" MODIFY ("ORDER_ID" NOT NULL ENABLE);
  ALTER TABLE "VALTRG2"."ORDER_DETAILS" MODIFY ("PRODUCT_ID" NOT NULL ENABLE);
  ALTER TABLE "VALTRG2"."ORDER_DETAILS" ADD PRIMARY KEY ("ID")
  USING INDEX PCTFREE 10 INITRANS 2 MAXTRANS 255 COMPUTE STATISTICS 
  STORAGE(INITIAL 1048576 NEXT 1048576 MINEXTENTS 1 MAXEXTENTS 2147483645
  PCTINCREASE 0 FREELISTS 1 FREELIST GROUPS 1
  BUFFER_POOL DEFAULT FLASH_CACHE DEFAULT CELL_FLASH_CACHE DEFAULT)
  TABLESPACE "TS_VALTRG2"  ENABLE;
--------------------------------------------------------
--  Ref Constraints for Table ORDER_DETAILS
--------------------------------------------------------

  ALTER TABLE "VALTRG2"."ORDER_DETAILS" ADD CONSTRAINT "ORDER_DETAIL_PROD_FK" FOREIGN KEY ("PRODUCT_ID")
	  REFERENCES "VALTRG2"."PRODUCTS" ("CODE") ENABLE;





--------------------------------------------------------
--  Manually written queries
--------------------------------------------------------
create table ACCOUNTS
(
  USER_NAME VARCHAR2(20 CHAR) not null,
  ACTIVE    NUMBER(1) not null,
  ENCRYTED_PASSWORD  VARCHAR2(128 CHAR) not null,
  USER_ROLE VARCHAR2(20) not null
) ;
 
alter table ACCOUNTS
  add primary key (USER_NAME) ;
---------------------------------------
 
create table PRODUCTS
(
  CODE        VARCHAR2(20 CHAR) not null,
  IMAGE       BLOB,
  NAME        VARCHAR2(255 CHAR) not null,
  PRICE       FLOAT not null,
  CREATE_DATE DATE default sysdate not null
) ;
 
alter table PRODUCTS
  add primary key (CODE) ;
---------------------------------------
-- Create table
create table ORDERS
(
  ID               VARCHAR2(50 CHAR) not null,
  AMOUNT           FLOAT not null,
  CUSTOMER_ADDRESS VARCHAR2(255 CHAR) not null,
  CUSTOMER_EMAIL   VARCHAR2(128 CHAR) not null,
  CUSTOMER_NAME    VARCHAR2(255 CHAR) not null,
  CUSTOMER_PHONE   VARCHAR2(128 CHAR) not null,
  ORDER_DATE       TIMESTAMP(6) not null,
  ORDER_NUM        NUMBER(10) not null
) ;
alter table ORDERS
  add primary key (ID) ;
alter table ORDERS
  add constraint ORDER_UK unique (ORDER_NUM) ;
---------------------------------------
 
-- Create table
create table ORDER_DETAILS
(
  ID         VARCHAR2(50 CHAR) not null,
  AMOUNT     FLOAT not null,
  PRICE      FLOAT not null,
  QUANITY    NUMBER(10) not null,
  ORDER_ID   VARCHAR2(50 CHAR) not null,
  PRODUCT_ID VARCHAR2(20 CHAR) not null
) ;
--  
alter table ORDER_DETAILS
  add primary key (ID) ;
alter table ORDER_DETAILS
  add constraint ORDER_DETAIL_ORD_FK foreign key (ORDER_ID)
  references ORDERS (ID);
alter table ORDER_DETAILS
  add constraint ORDER_DETAIL_PROD_FK foreign key (PRODUCT_ID)
  references PRODUCTS (CODE);
 
---------------------------------------  
insert into Accounts (USER_NAME, ACTIVE, ENCRYTED_PASSWORD, USER_ROLE)
values ('employee1', 1,
'$2a$10$PrI5Gk9L.tSZiW9FXhTS8O8Mz9E97k2FZbFvGFFaSsiTUIl.TCrFu', 'ROLE_EMPLOYEE');
 
insert into Accounts (USER_NAME, ACTIVE, ENCRYTED_PASSWORD, USER_ROLE)
values ('manager1', 1,
'$2a$10$PrI5Gk9L.tSZiW9FXhTS8O8Mz9E97k2FZbFvGFFaSsiTUIl.TCrFu', 'ROLE_MANAGER');
 
----------------
insert into products (CODE, NAME, PRICE, CREATE_DATE)
values ('S001', 'Core Java', 100, sysdate);
 
insert into products (CODE, NAME, PRICE, CREATE_DATE)
values ('S002', 'Spring for Beginners', 50, sysdate);
 
insert into products (CODE, NAME, PRICE, CREATE_DATE)
values ('S003', 'Swift for Beginners', 120, sysdate);
 
insert into products (CODE, NAME, PRICE, CREATE_DATE)
values ('S004', 'Oracle XML Parser', 120, sysdate);
 
insert into products (CODE, NAME, PRICE, CREATE_DATE)
values ('S005', 'CSharp Tutorial for Beginers', 110, sysdate);
 
Commit;


delete from products where name='7UP';


delete from accounts where user_name='manager1';


delete from orders where customer_phone='9569489564';


delete from order_details where order_id='4f13e748-7aeb-478d-bab3-1e0ca8eb4d3c';